,grade,sub_grade,term,purpose,home_ownership,verification_status,application_type,initial_list_status,addr_state
grade,1.0,0.9999882929929378,0.4308842754824381,0.09099064314336577,0.04458276379242504,0.17632824491196905,0.026458861255464542,0.13695391287353487,0.01741371787038365
sub_grade,0.9999882929929378,1.0,0.4444779777664377,0.0643424549804488,0.04965300643217202,0.19432306139996516,0.03281876521756732,0.13990698753893574,0.0077736262213425385
term,0.4308842754824381,0.4444779777664377,1.0,0.09743964214314559,0.10141213551200769,0.1185578990536983,0.03726905289998932,0.10309887371661042,0.0428297630217398
purpose,0.09099064314336577,0.0643424549804488,0.09743964214314559,1.0,0.09495378294028838,0.06181364911241315,0.01835912762633534,0.037400704145489495,0.020652820076459653
home_ownership,0.04458276379242504,0.04965300643217202,0.10141213551200769,0.09495378294028838,1.0,0.03004993451979207,0.046816570492975045,0.030030169532065,0.12368685803546334
verification_status,0.17632824491196905,0.19432306139996516,0.1185578990536983,0.06181364911241315,0.03004993451979207,1.0,0.03279935200048223,0.06958118822558677,0.021470141340995483
application_type,0.026458861255464542,0.03281876521756732,0.03726905289998932,0.01835912762633534,0.046816570492975045,0.03279935200048223,1.0,0.04567591221423059,0.04028737972461837
initial_list_status,0.13695391287353487,0.13990698753893574,0.10309887371661042,0.037400704145489495,0.030030169532065,0.06958118822558677,0.04567591221423059,1.0,0.02783435407352785
addr_state,0.01741371787038365,0.0077736262213425385,0.0428297630217398,0.020652820076459653,0.12368685803546334,0.021470141340995483,0.04028737972461837,0.02783435407352785,1.0
